PWM,V_out,V_d,I_d_mA
0,0.0008,0.0016,0
1,0.0024,0.0024,0
2,0.004,0.0048,0
3,0.0064,0.0056,0.0037
4,0.0081,0.0089,0
5,0.0105,0.0105,0
6,0.0121,0.0121,0
7,0.0145,0.0153,0
8,0.0161,0.0169,0
9,0.0177,0.0185,0
10,0.021,0.021,0
11,0.0226,0.021,0.0074
12,0.0258,0.025,0.0037
13,0.0274,0.0266,0.0037
14,0.029,0.029,0
15,0.0306,0.0306,0
16,0.033,0.033,0
17,0.0347,0.0355,0
18,0.0363,0.0387,0
19,0.0371,0.0387,0
20,0.0411,0.0419,0
21,0.0435,0.0435,0
22,0.0451,0.0443,0.0037
23,0.0475,0.0484,0
24,0.0508,0.0508,0
25,0.0508,0.0516,0
26,0.0532,0.054,0
27,0.0556,0.0564,0
28,0.0572,0.058,0
29,0.0596,0.0604,0
30,0.0612,0.0621,0
31,0.0645,0.0637,0.0037
32,0.0653,0.0653,0
33,0.0685,0.0685,0
34,0.0701,0.0701,0
35,0.0685,0.0733,0
36,0.0741,0.0749,0
37,0.0749,0.0758,0
38,0.0774,0.079,0
39,0.0814,0.0806,0.0037
40,0.0822,0.083,0
41,0.0838,0.0846,0
42,0.0862,0.0862,0
43,0.0886,0.0886,0
44,0.0895,0.0903,0
45,0.0927,0.0935,0
46,0.0951,0.0951,0
47,0.0951,0.0975,0
48,0.0999,0.0991,0.0037
49,0.1032,0.1007,0.0111
50,0.104,0.1032,0.0037
51,0.1048,0.1056,0
52,0.1072,0.108,0
53,0.1096,0.108,0.0074
54,0.112,0.112,0
55,0.1136,0.1144,0
56,0.1144,0.1152,0
57,0.1168,0.1168,0
58,0.1193,0.1193,0
59,0.1217,0.1217,0
60,0.1233,0.1241,0
61,0.1257,0.1249,0.0037
62,0.1273,0.1273,0
63,0.1289,0.1297,0
64,0.1322,0.133,0
65,0.1338,0.1346,0
66,0.1354,0.137,0
67,0.1378,0.1386,0
68,0.1394,0.1394,0
69,0.1418,0.1418,0
70,0.1451,0.1442,0.0037
71,0.1467,0.1467,0
72,0.1483,0.1483,0
73,0.1507,0.1523,0
74,0.1523,0.1539,0
75,0.1531,0.1539,0
76,0.1555,0.1563,0
77,0.1588,0.1588,0
78,0.1596,0.1612,0
79,0.162,0.1628,0
80,0.1644,0.1652,0
81,0.1668,0.1668,0
82,0.1692,0.1684,0.0037
83,0.1708,0.1708,0
84,0.1725,0.1725,0
85,0.1749,0.1757,0
86,0.1765,0.1773,0
87,0.1797,0.1789,0.0037
88,0.1813,0.1813,0
89,0.1837,0.1837,0
90,0.1862,0.1862,0
91,0.1878,0.1886,0
92,0.1902,0.1886,0.0074
93,0.1918,0.191,0.0037
94,0.1934,0.1942,0
95,0.1958,0.195,0.0037
96,0.1982,0.1982,0
97,0.1999,0.1999,0
98,0.2039,0.2015,0.0111
99,0.2039,0.2047,0
100,0.2047,0.2047,0
101,0.2087,0.2079,0.0037
102,0.2103,0.2103,0
103,0.2111,0.2127,0
104,0.2136,0.2144,0
105,0.2168,0.2168,0
106,0.2176,0.2176,0
107,0.2208,0.2208,0
108,0.2208,0.2216,0
109,0.224,0.2256,0
110,0.2273,0.2264,0.0037
111,0.2281,0.2281,0
112,0.2313,0.2313,0
113,0.2329,0.2329,0
114,0.2361,0.2345,0.0074
115,0.2369,0.2377,0
116,0.2393,0.2393,0
117,0.2401,0.241,0
118,0.2442,0.2426,0.0074
119,0.2458,0.2458,0
120,0.2466,0.2474,0
121,0.249,0.2498,0
122,0.2506,0.2514,0
123,0.253,0.2514,0.0074
124,0.2555,0.2555,0
125,0.2579,0.2579,0
126,0.2611,0.2595,0.0074
127,0.2619,0.2619,0
128,0.2635,0.2643,0
129,0.2651,0.2651,0
130,0.2667,0.2684,0
131,0.27,0.27,0
132,0.2716,0.2732,0
133,0.2748,0.274,0.0037
134,0.2756,0.2764,0
135,0.2788,0.278,0.0037
136,0.2804,0.2804,0
137,0.2821,0.2829,0
138,0.2837,0.2837,0
139,0.2869,0.2869,0
140,0.2885,0.2885,0
141,0.2893,0.2901,0
142,0.2917,0.2933,0
143,0.2949,0.2941,0.0037
144,0.2966,0.2949,0.0074
145,0.2982,0.2982,0
146,0.2998,0.3006,0
147,0.303,0.3022,0.0037
148,0.3046,0.3046,0
149,0.3062,0.307,0
150,0.3095,0.3086,0.0037
151,0.3103,0.3111,0
152,0.3127,0.3127,0
153,0.3151,0.3143,0.0037
154,0.3167,0.3175,0
155,0.3183,0.3199,0
156,0.3215,0.3207,0.0037
157,0.3232,0.3232,0
158,0.3256,0.3264,0
159,0.328,0.3272,0.0037
160,0.3288,0.3296,0
161,0.3336,0.3312,0.0111
162,0.3336,0.3336,0
163,0.336,0.336,0
164,0.3385,0.3377,0.0037
165,0.3401,0.3393,0.0037
166,0.3425,0.3425,0
167,0.3441,0.3441,0
168,0.3449,0.3457,0
169,0.3481,0.3489,0
170,0.3497,0.3505,0
171,0.3514,0.3514,0
172,0.3538,0.3546,0
173,0.357,0.3562,0.0037
174,0.3586,0.3578,0.0037
175,0.361,0.3618,0
176,0.3626,0.3618,0.0037
177,0.3642,0.3651,0
178,0.3667,0.3667,0
179,0.3675,0.3683,0
180,0.3699,0.3707,0
181,0.3731,0.3723,0.0037
182,0.3747,0.3747,0
183,0.3771,0.3779,0
184,0.3788,0.3788,0
185,0.3804,0.3812,0
186,0.3828,0.3852,0
187,0.3852,0.3844,0.0037
188,0.3868,0.3868,0
189,0.3884,0.3892,0
190,0.3925,0.3908,0.0074
191,0.3925,0.3933,0
192,0.3949,0.3949,0
193,0.3973,0.3981,0
194,0.3997,0.4005,0
195,0.4021,0.4029,0
196,0.4045,0.4037,0.0037
197,0.4062,0.407,0
198,0.407,0.4078,0
199,0.4094,0.4094,0
200,0.4118,0.4126,0
201,0.4142,0.4142,0
202,0.4158,0.4158,0
203,0.4182,0.4182,0
204,0.4207,0.4207,0
205,0.4223,0.4223,0
206,0.4247,0.4247,0
207,0.4271,0.4263,0.0037
208,0.4287,0.4295,0
209,0.4295,0.4303,0
210,0.4352,0.4336,0.0074
211,0.4352,0.4344,0.0037
212,0.4376,0.4368,0.0037
213,0.44,0.4392,0.0037
214,0.4408,0.4416,0
215,0.4424,0.444,0
216,0.4456,0.4456,0
217,0.4464,0.4473,0
218,0.4497,0.4489,0.0037
219,0.4505,0.4513,0
220,0.4529,0.4545,0
221,0.4553,0.4553,0
222,0.4585,0.4569,0.0074
223,0.4593,0.4593,0
224,0.4618,0.4618,0
225,0.4634,0.4634,0
226,0.4642,0.4658,0
227,0.4674,0.4674,0
228,0.469,0.4682,0.0037
229,0.4706,0.4714,0
230,0.473,0.4747,0
231,0.4755,0.4755,0
232,0.4787,0.4763,0.0111
233,0.4795,0.4795,0
234,0.4827,0.4819,0.0037
235,0.4843,0.4803,0.0184
236,0.4843,0.4859,0
237,0.4892,0.4884,0.0037
238,0.4908,0.4908,0
239,0.4924,0.4924,0
240,0.4948,0.4948,0
241,0.4956,0.4964,0
242,0.4988,0.498,0.0037
243,0.5004,0.4996,0.0037
244,0.5012,0.5021,0
245,0.5037,0.5061,0
246,0.5053,0.5061,0
247,0.5085,0.5101,0
248,0.5101,0.5117,0
249,0.5133,0.5133,0
250,0.5141,0.5149,0
251,0.5174,0.5182,0
252,0.519,0.519,0
253,0.5214,0.5214,0
254,0.5222,0.5238,0
255,0.523,0.5246,0
256,0.5278,0.527,0.0037
257,0.5295,0.5303,0
258,0.5319,0.5319,0
259,0.5335,0.5335,0
260,0.5351,0.5351,0
261,0.5375,0.5375,0
262,0.5407,0.5399,0.0037
263,0.5423,0.5423,0
264,0.5423,0.544,0
265,0.5448,0.5464,0
266,0.548,0.548,0
267,0.5512,0.5512,0
268,0.552,0.5528,0
269,0.5552,0.5528,0.0111
270,0.5568,0.5568,0
271,0.5585,0.5585,0
272,0.5593,0.5593,0
273,0.5641,0.5617,0.0111
274,0.5641,0.5641,0
275,0.5665,0.5665,0
276,0.5673,0.5681,0
277,0.5697,0.5705,0
278,0.573,0.5722,0.0037
279,0.5754,0.5746,0.0037
280,0.577,0.5762,0.0037
281,0.5778,0.5794,0
282,0.5826,0.5802,0.0111
283,0.5818,0.5826,0
284,0.5851,0.5851,0
285,0.5851,0.5867,0
286,0.5899,0.5899,0
287,0.5915,0.5907,0.0037
288,0.5923,0.5923,0
289,0.5955,0.5955,0
290,0.5971,0.5979,0
291,0.6004,0.5996,0.0037
292,0.6012,0.602,0
293,0.602,0.6036,0
294,0.6052,0.606,0
295,0.6076,0.6076,0
296,0.6108,0.6108,0
297,0.6116,0.6108,0.0037
298,0.6141,0.6141,0
299,0.6173,0.6165,0.0037
300,0.6181,0.6181,0
301,0.6189,0.6205,0
302,0.6213,0.6221,0
303,0.6245,0.6245,0
304,0.6262,0.6262,0
305,0.6278,0.6286,0
306,0.6302,0.6302,0
307,0.6326,0.6326,0
308,0.6342,0.635,0
309,0.6358,0.6358,0
310,0.6382,0.639,0
311,0.6407,0.6415,0
312,0.6415,0.6439,0
313,0.6447,0.6447,0
314,0.6479,0.6471,0.0037
315,0.6479,0.6479,0
316,0.6519,0.6511,0.0037
317,0.6527,0.6527,0
318,0.6544,0.6552,0
319,0.6568,0.6576,0
320,0.6592,0.6584,0.0037
321,0.6608,0.6608,0
322,0.6648,0.664,0.0037
323,0.6616,0.6648,0
324,0.6673,0.6664,0.0037
325,0.6697,0.6705,0
326,0.6713,0.6721,0
327,0.6729,0.6737,0
328,0.6769,0.6753,0.0074
329,0.6769,0.6793,0
330,0.6793,0.6793,0
331,0.681,0.6826,0
332,0.6834,0.6842,0
333,0.6858,0.6858,0
334,0.6882,0.689,0
335,0.6898,0.6898,0
336,0.693,0.6922,0.0037
337,0.6947,0.6955,0
338,0.6963,0.6963,0
339,0.6971,0.6987,0
340,0.6995,0.7011,0
341,0.7027,0.7019,0.0037
342,0.7051,0.7043,0.0037
343,0.7067,0.7067,0
344,0.7075,0.7092,0
345,0.7108,0.7108,0
346,0.7124,0.7116,0.0037
347,0.7164,0.7116,0.0221
348,0.7164,0.7172,0
349,0.718,0.7188,0
350,0.7196,0.7204,0
351,0.7229,0.7229,0
352,0.7253,0.7261,0
353,0.7261,0.7269,0
354,0.7293,0.7285,0.0037
355,0.7309,0.7317,0
356,0.7325,0.7333,0
357,0.7349,0.7341,0.0037
358,0.7382,0.7374,0.0037
359,0.7382,0.7398,0
360,0.7406,0.7422,0
361,0.7438,0.7462,0
362,0.7462,0.7462,0
363,0.7478,0.747,0.0037
364,0.7503,0.7486,0.0074
365,0.7519,0.7511,0.0037
366,0.7543,0.7543,0
367,0.7559,0.7559,0
368,0.7567,0.7583,0
369,0.7591,0.7607,0
370,0.7615,0.7623,0
371,0.764,0.7648,0
372,0.7656,0.7664,0
373,0.768,0.7696,0
374,0.7704,0.7704,0
375,0.7728,0.7728,0
376,0.7744,0.772,0.0111
377,0.776,0.7785,0
378,0.7785,0.7793,0
379,0.7809,0.7801,0.0037
380,0.7817,0.7841,0
381,0.7849,0.7849,0
382,0.7865,0.7865,0
383,0.7897,0.7897,0
384,0.7914,0.7914,0
385,0.7954,0.7938,0.0074
386,0.7954,0.7962,0
387,0.7962,0.7978,0
388,0.7986,0.8002,0
389,0.8002,0.8002,0
390,0.8026,0.8026,0
391,0.8067,0.8051,0.0074
392,0.8075,0.8067,0.0037
393,0.8091,0.8099,0
394,0.8123,0.8123,0
395,0.8131,0.8139,0
396,0.8155,0.8147,0.0037
397,0.8171,0.8179,0
398,0.8204,0.8204,0
399,0.822,0.822,0
400,0.8236,0.8244,0
401,0.826,0.826,0
402,0.83,0.8284,0.0074
403,0.83,0.83,0
404,0.8308,0.8316,0
405,0.8341,0.8341,0
406,0.8357,0.8365,0
407,0.8389,0.8389,0
408,0.8405,0.8413,0
409,0.8429,0.8421,0.0037
410,0.8453,0.8462,0
411,0.847,0.8462,0.0037
412,0.8486,0.8486,0
413,0.851,0.851,0
414,0.8526,0.8534,0
415,0.8558,0.8558,0
416,0.8558,0.8566,0
417,0.8574,0.859,0
418,0.8615,0.8607,0.0037
419,0.8631,0.8639,0
420,0.8647,0.8663,0
421,0.8679,0.8679,0
422,0.8695,0.8687,0.0037
423,0.8711,0.8719,0
424,0.8736,0.8744,0
425,0.8736,0.876,0
426,0.8784,0.8792,0
427,0.88,0.8768,0.0148
428,0.8808,0.8816,0
429,0.884,0.884,0
430,0.8848,0.8864,0
431,0.8881,0.8873,0.0037
432,0.8905,0.8905,0
433,0.8937,0.8921,0.0074
434,0.8961,0.8937,0.0111
435,0.8929,0.8961,0
436,0.8993,0.8985,0.0037
437,0.901,0.901,0
438,0.9018,0.9042,0
439,0.9058,0.905,0.0037
440,0.9066,0.9066,0
441,0.909,0.909,0
442,0.9098,0.9106,0
443,0.913,0.913,0
444,0.9147,0.9138,0.0037
445,0.9179,0.9179,0
446,0.9187,0.9171,0.0074
447,0.9211,0.9211,0
448,0.9235,0.9227,0.0037
449,0.9251,0.9259,0
450,0.9267,0.9267,0
451,0.9267,0.93,0
452,0.9316,0.9308,0.0037
453,0.9332,0.934,0
454,0.9332,0.9364,0
455,0.9372,0.9364,0.0037
456,0.9396,0.9388,0.0037
457,0.9421,0.9412,0.0037
458,0.9437,0.9445,0
459,0.9469,0.9437,0.0148
460,0.9477,0.9477,0
461,0.9501,0.9501,0
462,0.9525,0.9517,0.0037
463,0.9525,0.9541,0
464,0.9566,0.9566,0
465,0.9598,0.9574,0.0111
466,0.9606,0.9614,0
467,0.9622,0.9622,0
468,0.9638,0.9646,0
469,0.9662,0.9654,0.0037
470,0.9695,0.9686,0.0037
471,0.9711,0.9711,0
472,0.9711,0.9735,0
473,0.9743,0.9767,0
474,0.9767,0.9767,0
475,0.9799,0.9799,0
476,0.9791,0.9799,0
477,0.9823,0.9832,0
478,0.9848,0.9856,0
479,0.9872,0.9872,0
480,0.9896,0.9896,0
481,0.992,0.9912,0.0037
482,0.9928,0.9928,0
483,0.996,0.9952,0.0037
484,0.9977,0.9968,0.0037
485,0.9993,0.9985,0.0037
486,1.0009,1.0009,0
487,1.0033,1.0033,0
488,1.0065,1.0057,0.0037
489,1.0081,1.0105,0
490,1.0097,1.0105,0
491,1.0114,1.0122,0
492,1.013,1.0146,0
493,1.017,1.0162,0.0037
494,1.0186,1.0186,0
495,1.0202,1.0202,0
496,1.0218,1.0226,0
497,1.0251,1.0259,0
498,1.0259,1.0259,0
499,1.0275,1.0283,0
500,1.0291,1.0307,0
501,1.0323,1.0331,0
502,1.0339,1.0347,0
503,1.0363,1.0371,0
504,1.0388,1.0388,0
505,1.0412,1.0404,0.0037
506,1.0428,1.0428,0
507,1.0444,1.0444,0
508,1.0468,1.0468,0
509,1.0492,1.05,0
510,1.05,1.0508,0
511,1.0516,1.0525,0
512,1.0549,1.0533,0.0074
513,1.0581,1.0573,0.0037
514,1.0621,1.0597,0.0111
515,1.0613,1.0613,0
516,1.0629,1.0637,0
517,1.0662,1.0653,0.0037
518,1.0678,1.0686,0
519,1.0702,1.0702,0
520,1.0702,1.0718,0
521,1.075,1.0742,0.0037
522,1.0758,1.0782,0
523,1.0782,1.0782,0
524,1.0799,1.0807,0
525,1.0823,1.0823,0
526,1.0839,1.0847,0
527,1.0855,1.0847,0.0037
528,1.0879,1.0887,0
529,1.0895,1.0895,0
530,1.0927,1.0911,0.0074
531,1.0952,1.0944,0.0037
532,1.0952,1.096,0
533,1.0984,1.0976,0.0037
534,1.1,1.1,0
535,1.1024,1.1024,0
536,1.104,1.1056,0
537,1.1064,1.1073,0
538,1.1081,1.1113,0
539,1.1097,1.1073,0.0111
540,1.1129,1.1121,0.0037
541,1.1153,1.1145,0.0037
542,1.1177,1.1169,0.0037
543,1.1193,1.1193,0
544,1.1218,1.1218,0
545,1.1218,1.1242,0
546,1.1274,1.125,0.0111
547,1.125,1.1282,0
548,1.129,1.129,0
549,1.1314,1.1314,0
550,1.133,1.133,0
551,1.1355,1.1347,0.0037
552,1.1379,1.1379,0
553,1.1387,1.1403,0
554,1.1411,1.1411,0
555,1.1435,1.1427,0.0037
556,1.1451,1.1459,0
557,1.1467,1.1467,0
558,1.1484,1.1492,0
559,1.1524,1.1524,0
560,1.1548,1.154,0.0037
561,1.1556,1.1564,0
562,1.1572,1.1572,0
563,1.158,1.1612,0
564,1.1621,1.1629,0
565,1.1645,1.1629,0.0074
566,1.1669,1.1661,0.0037
567,1.1677,1.1693,0
568,1.1701,1.1701,0
569,1.1725,1.1717,0.0037
570,1.1741,1.1749,0
571,1.1758,1.1733,0.0111
572,1.1782,1.179,0
573,1.1806,1.1806,0
574,1.1838,1.1838,0
575,1.1846,1.1838,0.0037
576,1.187,1.187,0
577,1.1903,1.1886,0.0074
578,1.1911,1.1911,0
579,1.1919,1.1927,0
580,1.1959,1.1951,0.0037
581,1.1975,1.1975,0
582,1.1999,1.1999,0
583,1.2023,1.2007,0.0074
584,1.204,1.2032,0.0037
585,1.2048,1.208,0
586,1.208,1.2072,0.0037
587,1.2096,1.2096,0
588,1.212,1.2104,0.0074
589,1.2144,1.2136,0.0037
590,1.216,1.2136,0.0111
591,1.2185,1.2185,0
592,1.2201,1.2209,0
593,1.2233,1.2225,0.0037
594,1.2241,1.2241,0
595,1.2249,1.2265,0
596,1.2273,1.2281,0
597,1.2297,1.2305,0
598,1.233,1.2322,0.0037
599,1.2346,1.2346,0
600,1.2354,1.2378,0
601,1.2386,1.2402,0
602,1.241,1.2402,0.0037
603,1.2418,1.2434,0
604,1.2451,1.2451,0
605,1.2467,1.2467,0
606,1.2483,1.2491,0
607,1.2515,1.2515,0
608,1.2523,1.2539,0
609,1.2571,1.2555,0.0074
610,1.2571,1.2571,0
611,1.2604,1.2579,0.0111
612,1.2612,1.2612,0
613,1.2636,1.2636,0
614,1.2628,1.2652,0
615,1.2676,1.2668,0.0037
616,1.2684,1.2692,0
617,1.2725,1.2716,0.0037
618,1.2733,1.2725,0.0037
619,1.2749,1.2765,0
620,1.2781,1.2781,0
621,1.2797,1.2797,0
622,1.2813,1.2821,0
623,1.2829,1.2837,0
624,1.2853,1.2862,0
625,1.2886,1.2886,0
626,1.2934,1.2894,0.0184
627,1.2918,1.2934,0
628,1.2942,1.295,0
629,1.2966,1.2966,0
630,1.299,1.2982,0.0037
631,1.2999,1.3015,0
632,1.3023,1.3023,0
633,1.3031,1.3047,0
634,1.3055,1.3095,0
635,1.3079,1.3103,0
636,1.3111,1.3103,0.0037
637,1.3119,1.3127,0
638,1.3152,1.3136,0.0074
639,1.3168,1.316,0.0037
640,1.3192,1.3192,0
641,1.3208,1.3208,0
642,1.324,1.3248,0
643,1.3248,1.324,0.0037
644,1.3273,1.3264,0.0037
645,1.3289,1.3297,0
646,1.3321,1.3321,0
647,1.3329,1.3321,0.0037
648,1.3353,1.3345,0.0037
649,1.3369,1.3377,0
650,1.3393,1.3418,0
651,1.3418,1.3385,0.0148
652,1.3426,1.3442,0
653,1.3458,1.3458,0
654,1.349,1.3474,0.0074
655,1.3498,1.3506,0
656,1.3514,1.3522,0
657,1.3538,1.3547,0
658,1.3571,1.3563,0.0037
659,1.3563,1.3579,0
660,1.3603,1.3603,0
661,1.3627,1.3619,0.0037
662,1.3643,1.3635,0.0037
663,1.3667,1.3667,0
664,1.3675,1.3684,0
665,1.3708,1.3708,0
666,1.3724,1.374,0
667,1.3748,1.3748,0
668,1.3772,1.3764,0.0037
669,1.378,1.3788,0
670,1.3812,1.3812,0
671,1.3821,1.3845,0
672,1.3861,1.3853,0.0037
673,1.3869,1.3861,0.0037
674,1.3893,1.3893,0
675,1.3885,1.3909,0
676,1.3925,1.3925,0
677,1.3949,1.3949,0
678,1.3982,1.3982,0
679,1.399,1.4006,0
680,1.4006,1.4022,0
681,1.4014,1.4046,0
682,1.4046,1.4062,0
683,1.4078,1.4038,0.0184
684,1.4095,1.4103,0
685,1.4111,1.4111,0
686,1.4143,1.4143,0
687,1.4167,1.4151,0.0074
688,1.4175,1.4175,0
689,1.4215,1.4207,0.0037
690,1.4207,1.4223,0
691,1.424,1.424,0
692,1.4256,1.4264,0
693,1.4288,1.4272,0.0074
694,1.432,1.4296,0.0111
695,1.4328,1.432,0.0037
696,1.4344,1.4344,0
697,1.4352,1.4385,0
698,1.4385,1.4393,0
699,1.4409,1.4409,0
700,1.4409,1.4425,0
701,1.4441,1.4457,0
702,1.4457,1.4465,0
703,1.4497,1.4481,0.0074
704,1.4505,1.4514,0
705,1.4538,1.4538,0
706,1.4546,1.4562,0
707,1.4578,1.4554,0.0111
708,1.4594,1.4594,0
709,1.461,1.4618,0
710,1.4626,1.4634,0
711,1.4651,1.4651,0
712,1.4675,1.4691,0
713,1.4691,1.4715,0
714,1.4723,1.4723,0
715,1.4747,1.4739,0.0037
716,1.4763,1.4747,0.0074
717,1.4788,1.4788,0
718,1.4796,1.4804,0
719,1.482,1.4812,0.0037
720,1.4836,1.4844,0
721,1.4876,1.4852,0.0111
722,1.4884,1.4868,0.0074
723,1.49,1.4892,0.0037
724,1.4916,1.4925,0
725,1.4941,1.4933,0.0037
726,1.4957,1.4957,0
727,1.4989,1.4981,0.0037
728,1.5005,1.5013,0
729,1.5029,1.5029,0
730,1.5045,1.5053,0
731,1.5053,1.5053,0
732,1.5094,1.5086,0.0037
733,1.511,1.5118,0
734,1.5126,1.5134,0
735,1.515,1.515,0
736,1.5166,1.5174,0
737,1.5174,1.5199,0
738,1.5231,1.5223,0.0037
739,1.5239,1.5239,0
740,1.5255,1.5255,0
741,1.5271,1.5271,0
742,1.5295,1.5295,0
743,1.5319,1.5311,0.0037
744,1.5336,1.5336,0
745,1.536,1.5352,0.0037
746,1.5376,1.5376,0
747,1.5392,1.5408,0
748,1.5408,1.5416,0
749,1.544,1.544,0
750,1.5456,1.5456,0
751,1.5481,1.5481,0
752,1.5489,1.5497,0
753,1.5529,1.5513,0.0074
754,1.5545,1.5537,0.0037
755,1.5561,1.5545,0.0074
756,1.5577,1.5577,0
757,1.5585,1.5593,0
758,1.5626,1.5626,0
759,1.5642,1.5642,0
760,1.5658,1.5674,0
761,1.5682,1.5674,0.0037
762,1.5706,1.5714,0
763,1.573,1.569,0.0184
764,1.5738,1.5747,0
765,1.5771,1.5763,0.0037
766,1.5787,1.5795,0
767,1.5811,1.5795,0.0074
768,1.5827,1.5819,0.0037
769,1.5851,1.5843,0.0037
770,1.5867,1.5867,0
771,1.5892,1.5892,0
772,1.5916,1.59,0.0074
773,1.5932,1.5924,0.0037
774,1.5964,1.594,0.0111
775,1.5964,1.5972,0
776,1.5988,1.5996,0
777,1.6004,1.6004,0
778,1.6037,1.6029,0.0037
779,1.6045,1.6045,0
780,1.6077,1.6069,0.0037
781,1.6109,1.6093,0.0074
782,1.6117,1.6101,0.0074
783,1.6141,1.6125,0.0074
784,1.6158,1.6141,0.0074
785,1.6174,1.6174,0
786,1.6198,1.6182,0.0074
787,1.6206,1.6198,0.0037
788,1.623,1.6222,0.0037
789,1.6254,1.6238,0.0074
790,1.6278,1.6278,0
791,1.6303,1.6278,0.0111
792,1.6319,1.6327,0
793,1.6343,1.6311,0.0148
794,1.6359,1.6343,0.0074
795,1.6399,1.6367,0.0148
796,1.6399,1.6375,0.0111
797,1.6423,1.6399,0.0111
798,1.6448,1.6415,0.0148
799,1.6472,1.644,0.0148
800,1.6496,1.6456,0.0184
801,1.6512,1.6488,0.0111
802,1.6536,1.6504,0.0148
803,1.6544,1.6528,0.0074
804,1.6568,1.6544,0.0111
805,1.6601,1.656,0.0184
806,1.6617,1.6585,0.0148
807,1.6633,1.6617,0.0074
808,1.6665,1.6625,0.0184
809,1.6681,1.6649,0.0148
810,1.6697,1.6649,0.0221
811,1.6722,1.6689,0.0148
812,1.6738,1.6689,0.0221
813,1.6746,1.6714,0.0148
814,1.6778,1.6722,0.0258
815,1.6802,1.6762,0.0184
816,1.6834,1.6762,0.0332
817,1.6842,1.6778,0.0295
818,1.6851,1.6818,0.0148
819,1.6883,1.6826,0.0258
820,1.6907,1.6842,0.0295
821,1.6931,1.6851,0.0369
822,1.6947,1.6875,0.0332
823,1.6963,1.6883,0.0369
824,1.6979,1.6907,0.0332
825,1.7004,1.6939,0.0295
826,1.7028,1.6939,0.0406
827,1.706,1.6963,0.0443
828,1.7076,1.6971,0.0479
829,1.71,1.6996,0.0479
830,1.71,1.702,0.0369
831,1.7133,1.702,0.0516
832,1.7149,1.7028,0.0553
833,1.7173,1.7052,0.0553
834,1.7197,1.7084,0.0516
835,1.7213,1.7108,0.0479
836,1.7221,1.7116,0.0479
837,1.7262,1.7116,0.0664
838,1.7286,1.7141,0.0664
839,1.7302,1.7157,0.0664
840,1.7318,1.7181,0.0627
841,1.7342,1.7205,0.0627
842,1.7358,1.7213,0.0664
843,1.7374,1.7213,0.0738
844,1.739,1.7237,0.0701
845,1.7423,1.7253,0.0775
846,1.7439,1.7262,0.0811
847,1.7463,1.7278,0.0848
848,1.7495,1.7286,0.0959
849,1.7503,1.731,0.0885
850,1.7527,1.7318,0.0959
851,1.7519,1.7334,0.0848
852,1.7568,1.735,0.0996
853,1.7576,1.7366,0.0959
854,1.7608,1.7382,0.1033
855,1.7624,1.739,0.107
856,1.7648,1.7415,0.107
857,1.7664,1.7415,0.1143
858,1.7681,1.7431,0.1143
859,1.7713,1.7439,0.1254
860,1.7737,1.7439,0.1365
861,1.7769,1.7463,0.1401
862,1.7769,1.7479,0.1328
863,1.7793,1.7487,0.1401
864,1.7818,1.7503,0.1438
865,1.7834,1.7503,0.1512
866,1.7858,1.7519,0.1549
867,1.7874,1.7527,0.1586
868,1.789,1.7544,0.1586
869,1.7906,1.756,0.1586
870,1.793,1.7568,0.166
871,1.7963,1.76,0.166
872,1.7971,1.7584,0.177
873,1.7995,1.7592,0.1844
874,1.8027,1.7608,0.1918
875,1.8051,1.7608,0.2028
876,1.8051,1.7624,0.1955
877,1.8084,1.764,0.2028
878,1.81,1.7632,0.2139
879,1.8124,1.7632,0.225
880,1.8132,1.7656,0.2176
881,1.8164,1.7681,0.2213
882,1.8188,1.7664,0.2397
883,1.8204,1.7697,0.2324
884,1.8221,1.7705,0.236
885,1.8237,1.7705,0.2434
886,1.8277,1.7721,0.2545
887,1.8285,1.7713,0.2619
888,1.8301,1.7737,0.2582
889,1.8333,1.7745,0.2692
890,1.8341,1.7753,0.2692
891,1.8358,1.7761,0.2729
892,1.839,1.7785,0.2766
893,1.8414,1.7769,0.2951
894,1.843,1.7793,0.2914
895,1.8446,1.7793,0.2987
896,1.8462,1.7818,0.2951
897,1.8495,1.7826,0.3061
898,1.8503,1.7826,0.3098
899,1.8543,1.7826,0.3282
900,1.8551,1.7834,0.3282
901,1.8567,1.7834,0.3356
902,1.8599,1.7842,0.3467
903,1.8623,1.7858,0.3504
904,1.8632,1.7866,0.3504
905,1.8656,1.7866,0.3614
906,1.868,1.7882,0.3651
907,1.8696,1.789,0.3688
908,1.872,1.7898,0.3762
909,1.8744,1.789,0.3909
910,1.8768,1.7906,0.3946
911,1.8785,1.7914,0.3983
912,1.8801,1.7914,0.4057
913,1.8825,1.7922,0.4131
914,1.8849,1.793,0.4204
915,1.8857,1.793,0.4241
916,1.8881,1.7947,0.4278
917,1.8889,1.7947,0.4315
918,1.893,1.7922,0.461
919,1.8938,1.7963,0.4463
920,1.897,1.7955,0.4647
921,1.8994,1.7955,0.4758
922,1.901,1.7979,0.4721
923,1.9034,1.7987,0.4795
924,1.9051,1.7987,0.4868
925,1.9067,1.7987,0.4942
926,1.9099,1.8011,0.4979
927,1.9115,1.8003,0.509
928,1.9131,1.8019,0.509
929,1.9147,1.8027,0.5127
930,1.9171,1.8019,0.5274
931,1.9188,1.8035,0.5274
932,1.9212,1.8011,0.5495
933,1.9236,1.8027,0.5532
934,1.926,1.8019,0.568
935,1.9276,1.8051,0.5606
936,1.93,1.8051,0.5717
937,1.9308,1.8067,0.568
938,1.9333,1.8067,0.579
939,1.9365,1.8067,0.5938
940,1.9373,1.8067,0.5975
941,1.9397,1.8075,0.6049
942,1.9421,1.8075,0.6159
943,1.9437,1.8092,0.6159
944,1.9462,1.8084,0.6307
945,1.9478,1.8092,0.6344
946,1.9502,1.81,0.6417
947,1.9518,1.8108,0.6454
948,1.9542,1.81,0.6602
949,1.9574,1.8116,0.6676
950,1.959,1.8124,0.6712
951,1.9607,1.8132,0.6749
952,1.9631,1.8124,0.6897
953,1.9647,1.814,0.6897
954,1.9671,1.814,0.7007
955,1.9679,1.814,0.7044
956,1.9711,1.8148,0.7155
957,1.9727,1.8148,0.7229
958,1.9752,1.8156,0.7303
959,1.9776,1.8156,0.7413
960,1.9792,1.8156,0.7487
961,1.9816,1.8164,0.7561
962,1.9824,1.8172,0.7561
963,1.9864,1.8156,0.7819
964,1.9873,1.818,0.7745
965,1.9897,1.8188,0.7819
966,1.9913,1.8188,0.7893
967,1.9945,1.8172,0.8114
968,1.9961,1.8204,0.804
969,1.9969,1.818,0.8188
970,1.9993,1.8212,0.8151
971,2.0018,1.8212,0.8261
972,2.0042,1.8221,0.8335
973,2.005,1.8221,0.8372
974,2.0074,1.8229,0.8446
975,2.0098,1.8221,0.8593
976,2.0122,1.8221,0.8704
977,2.0138,1.8229,0.8741
978,2.0147,1.8229,0.8778
979,2.0187,1.8245,0.8888
980,2.0211,1.8245,0.8999
981,2.0227,1.8245,0.9073
982,2.0243,1.8261,0.9073
983,2.0259,1.8261,0.9147
984,2.0284,1.8261,0.9257
985,2.0308,1.8269,0.9331
986,2.0332,1.8261,0.9479
987,2.0348,1.8301,0.9368
988,2.0372,1.8277,0.9589
989,2.0388,1.8269,0.97
990,2.0412,1.8269,0.981
991,2.0429,1.8293,0.9774
992,2.0453,1.8277,0.9958
993,2.0469,1.8293,0.9958
994,2.0493,1.8301,1.0032
995,2.0501,1.8301,1.0069
996,2.0541,1.8301,1.0253
997,2.0549,1.8301,1.029
998,2.0566,1.8309,1.0327
999,2.059,1.8301,1.0474
1000,2.0614,1.8309,1.0548
1001,2.0638,1.8325,1.0585
1002,2.0662,1.8333,1.0659
1003,2.067,1.8325,1.0733
1004,2.0711,1.8325,1.0917
1005,2.0711,1.8341,1.0843
1006,2.0743,1.8333,1.1028
1007,2.0759,1.8349,1.1028
1008,2.0783,1.8358,1.1101
1009,2.0799,1.8341,1.1249
1010,2.0823,1.8349,1.1323
1011,2.0848,1.8349,1.1433
1012,2.0872,1.8366,1.147
1013,2.088,1.8366,1.1507
1014,2.0896,1.8358,1.1618
1015,2.092,1.8366,1.1691
1016,2.0952,1.8374,1.1802
1017,2.0968,1.8366,1.1913
1018,2.0993,1.8374,1.1986
1019,2.1017,1.8358,1.2171
1020,2.1041,1.8382,1.2171
1021,2.1049,1.8382,1.2208
1022,2.1065,1.8382,1.2282
1023,2.1089,1.839,1.2355
1024,2.1114,1.8422,1.2318
1025,2.113,1.8374,1.2613
1026,2.117,1.8406,1.265
1027,2.117,1.8406,1.265
1028,2.1202,1.8406,1.2798
1029,2.121,1.8422,1.2761
1030,2.1234,1.8406,1.2945
1031,2.1259,1.8422,1.2982
1032,2.1275,1.8414,1.3093
1033,2.1299,1.8414,1.3204
1034,2.1315,1.8422,1.324
1035,2.1339,1.843,1.3314
1036,2.1355,1.8422,1.3425
1037,2.1379,1.843,1.3499
1038,2.1396,1.8438,1.3536
1039,2.142,1.8438,1.3646
1040,2.1444,1.8438,1.3757
1041,2.1452,1.8438,1.3794
1042,2.1492,1.843,1.4015
1043,2.15,1.8454,1.3941
1044,2.1525,1.8454,1.4052
1045,2.1549,1.8446,1.4199
1046,2.1589,1.8454,1.4347
1047,2.1581,1.847,1.4236
1048,2.1605,1.847,1.4347
1049,2.1621,1.8462,1.4458
1050,2.1645,1.8478,1.4494
1051,2.1662,1.8462,1.4642
1052,2.1694,1.8486,1.4679
1053,2.1718,1.8454,1.4937
1054,2.1718,1.8478,1.4826
1055,2.175,1.847,1.5011
1056,2.1774,1.8486,1.5048
1057,2.179,1.8478,1.5158
1058,2.1815,1.8495,1.5195
1059,2.1831,1.8495,1.5269
1060,2.1855,1.8486,1.5416
1061,2.1879,1.8503,1.5453
1062,2.1887,1.8495,1.5527
1063,2.1911,1.8495,1.5638
1064,2.1927,1.8511,1.5638
1065,2.196,1.8511,1.5785
1066,2.1976,1.8511,1.5859
1067,2.2,1.8511,1.597
1068,2.2016,1.8519,1.6007
1069,2.204,1.8519,1.6117
1070,2.2056,1.8519,1.6191
1071,2.2081,1.8543,1.6191
1072,2.2105,1.8519,1.6412
1073,2.2121,1.8535,1.6412
1074,2.2137,1.8543,1.6449
1075,2.2177,1.8535,1.667
1076,2.2185,1.8543,1.667
1077,2.221,1.8535,1.6818
1078,2.2226,1.8559,1.6781
1079,2.2242,1.8543,1.6929
1080,2.2266,1.8543,1.7039
1081,2.229,1.8551,1.7113
1082,2.2306,1.8551,1.7187
1083,2.233,1.8551,1.7297
1084,2.2355,1.8559,1.7371
1085,2.2363,1.8559,1.7408
1086,2.2387,1.8551,1.7556
1087,2.2419,1.8559,1.7666
1088,2.2427,1.8559,1.7703
1089,2.2451,1.8575,1.774
1090,2.2475,1.8575,1.7851
1091,2.2484,1.8567,1.7924
1092,2.2516,1.8583,1.7998
1093,2.2532,1.8591,1.8035
1094,2.2556,1.8583,1.8183
1095,2.2564,1.8567,1.8293
1096,2.2596,1.8583,1.8367
1097,2.2612,1.8583,1.8441
1098,2.2637,1.8575,1.8588
1099,2.2653,1.8575,1.8662
1100,2.2677,1.8591,1.8699
1101,2.2693,1.8583,1.881
1102,2.2717,1.8591,1.8883
1103,2.2741,1.8591,1.8994
1104,2.2766,1.8607,1.9031
1105,2.279,1.8607,1.9141
1106,2.2798,1.8607,1.9178
1107,2.2806,1.8599,1.9252
1108,2.2838,1.8615,1.9326
1109,2.2862,1.8632,1.9363
1110,2.2886,1.8615,1.9547
1111,2.2911,1.8632,1.9584
1112,2.2927,1.8623,1.9695
1113,2.2935,1.8615,1.9768
1114,2.2967,1.8632,1.9842
1115,2.2991,1.8632,1.9953
1116,2.3007,1.8632,2.0027
1117,2.3031,1.864,2.01
1118,2.3064,1.8648,2.0211
1119,2.3064,1.8648,2.0211
1120,2.3088,1.8623,2.0432
1121,2.3112,1.8648,2.0432
1122,2.3128,1.864,2.0543
1123,2.3144,1.8648,2.058
1124,2.3177,1.8648,2.0727
1125,2.3193,1.8648,2.0801
1126,2.3217,1.8656,2.0875
1127,2.3241,1.8656,2.0986
1128,2.3257,1.8664,2.1022
1129,2.3273,1.8632,2.1244
1130,2.3297,1.8672,2.117
1131,2.3314,1.8672,2.1244
1132,2.333,1.8672,2.1318
1133,2.3354,1.868,2.1391
1134,2.3386,1.8648,2.1686
1135,2.3402,1.8672,2.1649
1136,2.3418,1.8688,2.1649
1137,2.3442,1.868,2.1797
1138,2.3459,1.8672,2.1908
1139,2.3475,1.868,2.1944
1140,2.3499,1.868,2.2055
1141,2.3523,1.8704,2.2055
1142,2.3555,1.8696,2.224
1143,2.3571,1.8688,2.235
1144,2.3588,1.8712,2.2313
1145,2.3604,1.8696,2.2461
1146,2.3628,1.8696,2.2571
1147,2.3652,1.8704,2.2645
1148,2.3668,1.8696,2.2756
1149,2.3684,1.8712,2.2756
1150,2.3708,1.8712,2.2867
1151,2.3725,1.8712,2.294
1152,2.3749,1.8712,2.3051
1153,2.3765,1.872,2.3088
1154,2.3789,1.872,2.3198
1155,2.3813,1.8728,2.3272
1156,2.3837,1.872,2.342
1157,2.3853,1.8712,2.353
1158,2.3878,1.872,2.3604
1159,2.3894,1.8728,2.3641
1160,2.3918,1.8728,2.3752
1161,2.3926,1.8728,2.3789
1162,2.395,1.872,2.3936
1163,2.3966,1.8736,2.3936
1164,2.399,1.8736,2.4047
1165,2.4023,1.8744,2.4157
1166,2.4031,1.8744,2.4194
1167,2.4055,1.8744,2.4305
1168,2.4087,1.8744,2.4452
1169,2.4103,1.8752,2.4489
1170,2.4119,1.876,2.4526
1171,2.4136,1.876,2.46
1172,2.416,1.8752,2.4747
1173,2.4184,1.876,2.4821
1174,2.4192,1.876,2.4858
1175,2.4224,1.8744,2.5079
1176,2.4248,1.8752,2.5153
1177,2.4256,1.876,2.5153
1178,2.4289,1.8744,2.5374
1179,2.4305,1.8768,2.5338
1180,2.4329,1.8768,2.5448
1181,2.4345,1.876,2.5559
1182,2.4361,1.8768,2.5596
1183,2.4377,1.8768,2.567
1184,2.4393,1.8768,2.5743
1185,2.4418,1.8785,2.578
1186,2.4458,1.8777,2.6001
1187,2.4474,1.8801,2.5965
1188,2.4482,1.8793,2.6038
1189,2.4514,1.8785,2.6223
1190,2.4538,1.8785,2.6333
1191,2.4555,1.8785,2.6407
1192,2.4571,1.8793,2.6444
1193,2.4595,1.8793,2.6555
1194,2.4611,1.8793,2.6628
1195,2.4635,1.8809,2.6665
1196,2.4651,1.8801,2.6776
1197,2.4675,1.8793,2.6923
1198,2.47,1.8801,2.6997
1199,2.4708,1.8809,2.6997
1200,2.4732,1.8817,2.7071
1201,2.4756,1.8817,2.7182
1202,2.478,1.8817,2.7292
1203,2.4796,1.8801,2.744
1204,2.4821,1.8809,2.7514
1205,2.4845,1.8809,2.7624
1206,2.4861,1.8817,2.7661
1207,2.4885,1.8809,2.7809
1208,2.4909,1.8817,2.7882
1209,2.4933,1.8825,2.7956
1210,2.4949,1.8825,2.803
1211,2.4974,1.8817,2.8177
1212,2.4982,1.8833,2.8141
1213,2.4998,1.8833,2.8214
1214,2.503,1.8841,2.8325
1215,2.5054,1.8833,2.8473
1216,2.507,1.8825,2.8583
1217,2.5086,1.8841,2.8583
1218,2.5119,1.8849,2.8694
1219,2.5127,1.8841,2.8768
1220,2.5159,1.8849,2.8878
1221,2.5175,1.8849,2.8952
1222,2.5199,1.8841,2.9099
1223,2.5215,1.8841,2.9173
1224,2.524,1.8857,2.921
1225,2.5256,1.8857,2.9284
1226,2.528,1.8849,2.9431
1227,2.5296,1.8849,2.9505
1228,2.532,1.8857,2.9579
1229,2.5344,1.8833,2.98
1230,2.5368,1.8849,2.9837
1231,2.5377,1.8857,2.9837
1232,2.5401,1.8865,2.9911
1233,2.5425,1.8865,3.0022
1234,2.5441,1.8865,3.0095
1235,2.5465,1.8873,3.0169
1236,2.5497,1.8873,3.0317
1237,2.5514,1.8881,3.0353
1238,2.5522,1.8841,3.0575
1239,2.5546,1.8873,3.0538
1240,2.5562,1.8873,3.0612
1241,2.5586,1.8897,3.0612
1242,2.561,1.8849,3.0944
1243,2.5634,1.8881,3.0907
1244,2.5651,1.8889,3.0944
1245,2.5667,1.8905,3.0944
1246,2.5691,1.8889,3.1128
1247,2.5707,1.8897,3.1165
1248,2.5723,1.8897,3.1239
1249,2.5747,1.8897,3.1349
1250,2.5763,1.8889,3.146
1251,2.5779,1.8897,3.1497
1252,2.5812,1.8873,3.1755
1253,2.5828,1.8889,3.1755
1254,2.5852,1.8897,3.1829
1255,2.5876,1.8905,3.1903
1256,2.59,1.8897,3.205
1257,2.5916,1.8905,3.2087
1258,2.5933,1.8905,3.2161
1259,2.5957,1.8914,3.2234
1260,2.5981,1.8914,3.2345
1261,2.6005,1.8914,3.2456
1262,2.6013,1.8914,3.2493
1263,2.6037,1.8914,3.2603
1264,2.6053,1.8946,3.2529
1265,2.6086,1.8922,3.2788
1266,2.6094,1.8938,3.2751
1267,2.611,1.8922,3.2898
1268,2.6134,1.893,3.2972
1269,2.6158,1.893,3.3083
1270,2.6182,1.8922,3.323
1271,2.6207,1.8938,3.3267
1272,2.6223,1.8938,3.3341
1273,2.6247,1.893,3.3488
1274,2.6263,1.8938,3.3525
1275,2.6287,1.8914,3.3747
1276,2.6295,1.8938,3.3673
1277,2.6319,1.8938,3.3783
1278,2.6344,1.8938,3.3894
1279,2.6368,1.8938,3.4005
1280,2.6384,1.8954,3.4005
1281,2.6408,1.8954,3.4115
1282,2.6432,1.8954,3.4226
1283,2.6456,1.8986,3.4189
1284,2.6464,1.8954,3.4374
1285,2.6489,1.8946,3.4521
1286,2.6513,1.8962,3.4558
1287,2.6545,1.8962,3.4705
1288,2.6545,1.8954,3.4742
1289,2.6569,1.8962,3.4816
1290,2.6577,1.8962,3.4853
1291,2.6618,1.8962,3.5037
1292,2.6634,1.8986,3.5001
1293,2.6658,1.8962,3.5222
1294,2.6674,1.8978,3.5222
1295,2.669,1.897,3.5332
1296,2.6722,1.8978,3.5443
1297,2.6738,1.8986,3.548
1298,2.6755,1.8986,3.5554
1299,2.6779,1.897,3.5738
1300,2.6803,1.8978,3.5812
1301,2.6819,1.897,3.5923
1302,2.6835,1.8986,3.5923
1303,2.6859,1.8986,3.6033
1304,2.6884,1.8978,3.6181
1305,2.69,1.8986,3.6218
1306,2.6916,1.8986,3.6291
1307,2.694,1.9018,3.6255
1308,2.6972,1.8986,3.655
1309,2.6988,1.8986,3.6623
1310,2.7004,1.8994,3.666
1311,2.7029,1.8994,3.6771
1312,2.7061,1.8994,3.6918
1313,2.7069,1.9002,3.6918
1314,2.7077,1.9002,3.6955
1315,2.7093,1.8986,3.7103
1316,2.7133,1.901,3.7177
1317,2.7149,1.9018,3.7213
1318,2.7166,1.9002,3.7361
1319,2.719,1.901,3.7435
1320,2.7214,1.901,3.7545
1321,2.723,1.901,3.7619
1322,2.7254,1.9002,3.7767
1323,2.7262,1.9002,3.7804
1324,2.7303,1.9002,3.7988
1325,2.7319,1.9018,3.7988
1326,2.7327,1.901,3.8062
1327,2.7367,1.9018,3.8209
1328,2.7375,1.9034,3.8172
1329,2.7399,1.9026,3.832
1330,2.7415,1.9018,3.8431
1331,2.744,1.9018,3.8541
1332,2.7456,1.9034,3.8541
1333,2.7472,1.9034,3.8615
1334,2.7504,1.901,3.8873
1335,2.7512,1.9034,3.8799
1336,2.7536,1.9059,3.8799
1337,2.7577,1.9042,3.9058
1338,2.7577,1.9042,3.9058
1339,2.7593,1.9042,3.9131
1340,2.7617,1.9034,3.9279
1341,2.7641,1.9034,3.9389
1342,2.7665,1.9059,3.9389
1343,2.7689,1.9067,3.9463
1344,2.7697,1.9042,3.9611
1345,2.773,1.9034,3.9795
1346,2.7754,1.9059,3.9795
1347,2.777,1.9067,3.9832
1348,2.7786,1.9051,3.998
1349,2.7802,1.9075,3.9943
1350,2.7826,1.9051,4.0164
1351,2.7842,1.9042,4.0275
1352,2.7867,1.9059,4.0311
1353,2.7891,1.9075,4.0348
1354,2.7923,1.9067,4.0533
1355,2.7931,1.9075,4.0533
1356,2.7955,1.9067,4.068
1357,2.7971,1.9067,4.0754
1358,2.8004,1.9067,4.0902
1359,2.8012,1.9067,4.0938
1360,2.8036,1.9067,4.1049
1361,2.8036,1.9059,4.1086
1362,2.8076,1.9067,4.1234
1363,2.8084,1.9083,4.1197
1364,2.8116,1.9075,4.1381
1365,2.8133,1.9067,4.1492
1366,2.8157,1.9075,4.1565
1367,2.8181,1.9083,4.1639
1368,2.8197,1.9091,4.1676
1369,2.8221,1.9091,4.1787
1370,2.8237,1.9099,4.1824
1371,2.8262,1.9099,4.1934
1372,2.8278,1.9091,4.2045
1373,2.8302,1.9083,4.2192
1374,2.8326,1.9099,4.2229
1375,2.8342,1.9091,4.234
1376,2.8358,1.9099,4.2377
1377,2.8382,1.9099,4.2487
1378,2.8399,1.9099,4.2561
1379,2.8423,1.9099,4.2672
1380,2.8431,1.9099,4.2709
1381,2.8447,1.9099,4.2783
1382,2.8503,1.9099,4.3041
1383,2.8511,1.9099,4.3078
1384,2.8519,1.9099,4.3114
1385,2.8544,1.9099,4.3225
1386,2.8568,1.9115,4.3262
1387,2.86,1.9115,4.341
1388,2.8608,1.9123,4.341
1389,2.8624,1.9139,4.341
1390,2.8648,1.9107,4.3668
1391,2.8681,1.9131,4.3705
1392,2.8697,1.9083,4.4
1393,2.8713,1.9131,4.3852
1394,2.8729,1.9123,4.3963
1395,2.8745,1.9115,4.4073
1396,2.8761,1.9131,4.4073
1397,2.8793,1.9139,4.4184
1398,2.8818,1.9123,4.4368
1399,2.8826,1.9131,4.4368
1400,2.8858,1.9131,4.4516
1401,2.8866,1.9099,4.47
1402,2.8898,1.9131,4.47
1403,2.8914,1.9139,4.4737
1404,2.8938,1.9139,4.4848
1405,2.8963,1.9131,4.4995
1406,2.8979,1.9147,4.4995
1407,2.9003,1.9147,4.5106
1408,2.9035,1.9139,4.529
1409,2.9043,1.9155,4.5254
1410,2.9067,1.9171,4.529
1411,2.9084,1.9163,4.5401
1412,2.91,1.9147,4.5549
1413,2.9124,1.9163,4.5586
1414,2.914,1.9131,4.5807
1415,2.9172,1.9155,4.5844
1416,2.9188,1.9147,4.5954
1417,2.9212,1.9155,4.6028
1418,2.9229,1.9155,4.6102
1419,2.9245,1.9179,4.6065
1420,2.9269,1.9155,4.6286
1421,2.9285,1.9171,4.6286
1422,2.9309,1.9163,4.6434
1423,2.9333,1.9179,4.6471
1424,2.9358,1.9163,4.6655
1425,2.9374,1.9188,4.6618
1426,2.939,1.9188,4.6692
1427,2.9414,1.9155,4.695
1428,2.9438,1.9171,4.6987
1429,2.9454,1.9179,4.7024
1430,2.9478,1.9179,4.7135
1431,2.9486,1.9188,4.7135
1432,2.9535,1.9179,4.7393
1433,2.9535,1.9171,4.743
1434,2.9575,1.9171,4.7614
1435,2.9575,1.9179,4.7577
1436,2.9599,1.9179,4.7688
1437,2.9623,1.9188,4.7762
1438,2.964,1.9188,4.7835
1439,2.9664,1.9196,4.7909
1440,2.968,1.9188,4.802
1441,2.9696,1.9188,4.8093
1442,2.972,1.9196,4.8167
1443,2.9752,1.9196,4.8315
1444,2.9768,1.9188,4.8425
1445,2.9777,1.9196,4.8425
1446,2.9817,1.9212,4.8536
1447,2.9833,1.9204,4.8647
1448,2.9849,1.9212,4.8684
1449,2.9865,1.9204,4.8794
1450,2.9897,1.9196,4.8979
1451,2.9914,1.9196,4.9052
1452,2.993,1.9204,4.9089
1453,2.9954,1.922,4.9126
1454,2.9978,1.9212,4.9274
1455,3.0018,1.9228,4.9384
1456,3.0018,1.9212,4.9458
1457,3.0034,1.922,4.9495
1458,3.0051,1.922,4.9569
1459,3.0067,1.922,4.9643
1460,3.0099,1.922,4.979
1461,3.0123,1.922,4.9901
1462,3.0139,1.9212,5.0011
1463,3.0155,1.9212,5.0085
1464,3.0179,1.9204,5.0233
1465,3.0212,1.9228,5.0269
1466,3.0212,1.9212,5.0343
1467,3.0236,1.9228,5.038
1468,3.0252,1.9228,5.0454
1469,3.0284,1.9228,5.0601
1470,3.0292,1.922,5.0675
1471,3.0325,1.9228,5.0786
1472,3.0349,1.9236,5.086
1473,3.0365,1.9228,5.097
1474,3.0405,1.9228,5.1155
1475,3.0397,1.9228,5.1118
1476,3.0421,1.9244,5.1155
1477,3.0437,1.9244,5.1228
1478,3.0478,1.9244,5.1413
1479,3.0494,1.9228,5.156
1480,3.0494,1.9236,5.1523
1481,3.0518,1.9252,5.156
1482,3.055,1.926,5.1671
1483,3.0566,1.9252,5.1782
1484,3.0582,1.9236,5.1929
1485,3.0607,1.9252,5.1966
1486,3.0639,1.926,5.2077
1487,3.0655,1.9268,5.2114
1488,3.0663,1.9276,5.2114
1489,3.0687,1.926,5.2298
1490,3.0719,1.926,5.2445
1491,3.0727,1.9244,5.2556
1492,3.0752,1.926,5.2593
1493,3.0776,1.9276,5.263
1494,3.0792,1.926,5.2777
1495,3.0808,1.926,5.2851
1496,3.0832,1.9252,5.2999
1497,3.0856,1.9276,5.2999
1498,3.0873,1.926,5.3146
1499,3.0889,1.9276,5.3146
1500,3.0921,1.9268,5.3331
1501,3.0945,1.9268,5.3441
1502,3.0953,1.9268,5.3478
1503,3.0985,1.9276,5.3589
1504,3.1001,1.9268,5.3699
1505,3.1026,1.9284,5.3736
1506,3.1066,1.926,5.4031
1507,3.1066,1.9284,5.3921
1508,3.109,1.9284,5.4031
1509,3.1106,1.9292,5.4068
1510,3.113,1.926,5.4326
1511,3.1147,1.9268,5.4363
1512,3.1155,1.9284,5.4326
1513,3.1187,1.93,5.44
1514,3.1203,1.9284,5.4548
1515,3.1243,1.9284,5.4732
1516,3.1243,1.9292,5.4695
1517,3.1267,1.9276,5.488
1518,3.1292,1.9284,5.4953
1519,3.1308,1.93,5.4953
1520,3.1332,1.93,5.5064
1521,3.1356,1.93,5.5175
1522,3.1364,1.9308,5.5175
1523,3.1396,1.93,5.5359
1524,3.1412,1.93,5.5433
1525,3.1412,1.9308,5.5396
1526,3.1453,1.9316,5.5544
1527,3.1477,1.9316,5.5654
1528,3.1501,1.9316,5.5765
1529,3.1525,1.9333,5.5802
1530,3.1541,1.9308,5.5986
1531,3.1566,1.9308,5.6097
1532,3.1574,1.93,5.6171
1533,3.1598,1.9308,5.6244
1534,3.1614,1.9316,5.6281
1535,3.1622,1.93,5.6392
1536,3.1638,1.9316,5.6392
1537,3.163,1.9333,5.6281
1538,3.1646,1.9308,5.6466
1539,3.1646,1.9341,5.6318
1540,3.1646,1.9333,5.6355
1541,3.1654,1.9325,5.6429
1542,3.1646,1.9308,5.6466
1543,3.1654,1.9325,5.6429
1544,3.1662,1.9316,5.6502
1545,3.167,1.9316,5.6539
1546,3.1654,1.9325,5.6429
1547,3.1662,1.9308,5.6539
1548,3.1662,1.9316,5.6502
1549,3.167,1.9308,5.6576
1550,3.167,1.9316,5.6539
1551,3.1678,1.9316,5.6576
1552,3.1638,1.9316,5.6392
1553,3.1686,1.9308,5.665
1554,3.167,1.9325,5.6502
1555,3.1686,1.9333,5.6539
1556,3.167,1.9308,5.6576
1557,3.1678,1.9316,5.6576
1558,3.167,1.93,5.6613
1559,3.167,1.9308,5.6576
1560,3.1662,1.9316,5.6502
1561,3.167,1.93,5.6613
1562,3.167,1.9316,5.6539
1563,3.167,1.9325,5.6502
1564,3.1654,1.9341,5.6355
1565,3.167,1.9333,5.6466
1566,3.1695,1.9316,5.665
1567,3.1678,1.9308,5.6613
1568,3.167,1.9316,5.6539
1569,3.1678,1.9308,5.6613
1570,3.167,1.9308,5.6576
1571,3.1678,1.9316,5.6576
1572,3.1678,1.9308,5.6613
1573,3.167,1.93,5.6613
1574,3.1678,1.9316,5.6576
1575,3.1662,1.9308,5.6539
1576,3.167,1.93,5.6613
1577,3.1678,1.9316,5.6576
1578,3.1678,1.9316,5.6576
1579,3.1678,1.9316,5.6576
1580,3.1678,1.9316,5.6576
1581,3.1678,1.9316,5.6576
1582,3.167,1.9308,5.6576
1583,3.1678,1.9316,5.6576
1584,3.167,1.9325,5.6502
1585,3.167,1.9325,5.6502
1586,3.167,1.9316,5.6539
1587,3.167,1.9333,5.6466
1588,3.1678,1.9325,5.6539
1589,3.1662,1.93,5.6576
1590,3.1678,1.9308,5.6613
1591,3.167,1.9333,5.6466
1592,3.167,1.93,5.6613
1593,3.1678,1.9308,5.6613
1594,3.1678,1.9325,5.6539
1595,3.167,1.9333,5.6466
1596,3.1686,1.9325,5.6576
1597,3.1678,1.9252,5.6871
1598,3.167,1.9308,5.6576
1599,3.167,1.9325,5.6502
